{
    "apps": {
      "name": "qsign70",
      "version": "1.1.7",
      "script": "bash ./bin/unidbg-fetch-qsign --basePath=./txlib/8.9.70",
      "autorestart": true,
      "watch": true,
      "max_memory_restart": "600M",
      "instances": 1,
      "cron_restart": "11 */12 * * *",
      "error_file": "/root/pm2/qsign68-err.log",
      "out_file": "/root/pm2/qsign68-out.log",
      "log_date_format": "YYYY/MM/DD HH:mm:ss",
      "stop_exit_codes": [0],
      "exp_backoff_restart_delay": 100
    }
}